Sun Sep  7 01:01:11 UTC 2025 - commit 3
Sun Sep 14 01:00:23 UTC 2025 - commit 1
Mon Sep 15 01:00:28 UTC 2025 - commit 1
Tue Sep 16 00:55:53 UTC 2025 - commit 1
Mon Sep 29 00:58:21 UTC 2025 - commit 1
Mon Sep 29 00:58:36 UTC 2025 - commit 2
Wed Oct  8 00:55:52 UTC 2025 - commit 1
Fri Oct 10 00:56:39 UTC 2025 - commit 1
Sun Oct 12 00:59:28 UTC 2025 - commit 1
Sun Oct 12 00:59:49 UTC 2025 - commit 3
Mon Oct 13 01:00:46 UTC 2025 - commit 1
Mon Oct 27 01:04:30 UTC 2025 - commit 2
Thu Nov  6 01:00:43 UTC 2025 - commit 1
Sat Nov  8 00:57:20 UTC 2025 - commit 2
